,chords_numeric
258,"[1, 5, 2, 4]"
314,"[1, 5, 6, 5, 5, 1, 5, 6, 5, 5, 1, 5, 6, 5, 5, 1, 5, 6, 5, 5]"
69,"[5, 6, 4]"
143,"[1, 3, 1, 3, 6, 4, 5, 6, 4, 5, 6, 4, 5, 6, 5]"
536,"[5, 4, 1, 5, 5, 4, 1, 5]"
174,"[1, 5, 5, 5, 5, 5, 5, 5, 1, 4, 1, 5, 1]"
325,"[1, 6, 5, 4, 1, 1, 6, 5, 4, 1]"
446,"[1, 6, 4, 5, 1]"
556,"[4, 4, 3, 6, 2, 5, 1, 6, 1, 4, 4, 3, 6, 2, 5, 1]"
420,"[1, 5, 1, 4, 3, 1, 1, 5, 1]"
381,"[3, 5, 1, 5, 1, 3, 5, 1, 3, 5, 1, 3, 3, 1, 2, 5]"
414,"[2, 4, 1, 5, 2, 4, 1, 5, 2, 4, 1, 5, 2, 4, 1, 5]"
403,"[1, 4, 6, 4, 1]"
72,"[1, 5, 6, 2, 1, 5, 1, 5, 6, 2, 1, 5, 1, 5, 6, 2, 1, 5, 1, 5, 6, 2, 1, 5]"
361,"[1, 1, 6, 4, 1, 4, 6, 4, 1, 4, 6, 4, 1, 5, 1]"
308,"[6, 4, 1, 5, 6, 4, 1, 5, 6, 4, 1, 5, 6, 4, 1, 5, 4, 5, 1, 4, 6, 5, 4, 4]"
261,"[6, 5, 1, 4, 1, 5, 6, 5, 1, 4, 1, 5]"
336,"[1, 2, 6, 6, 6, 6, 6, 6, 1, 2, 6, 6, 6, 6, 6, 6, 1, 2, 6, 6, 6, 6, 6, 6, 1, 2, 6, 6, 6, 6, 6, 6]"
225,"[5, 3, 1, 5]"
566,"[1, 5, 6, 4, 1, 5, 6, 4]"
165,"[2, 4, 1, 5, 2, 4, 1, 5, 2, 4, 1, 5, 2, 4, 1, 5]"
22,"[1, 6, 2, 4, 5, 1, 6, 2, 4, 5, 6, 4, 1, 5, 6, 4, 1, 5]"
334,"[4, 4, 5, 6, 4, 5, 2, 4]"
434,"[3, 5, 3, 5, 1, 1, 1, 5, 1, 1, 1, 5]"
240,"[1, 1, 4, 5, 1, 1, 4, 5]"
195,"[2, 4, 5, 2, 4, 5, 2, 4, 5, 2, 4, 5, 2, 4, 5, 2, 4, 5, 2, 4, 5, 2, 4, 5, 1]"
285,"[6, 4, 1, 5, 1]"
30,"[4, 1, 5, 6, 4, 1, 5, 4, 1, 5, 6, 4, 1, 5]"
35,"[1, 3, 6, 4, 1, 5, 4, 5, 6, 4, 1, 5, 1, 4, 5, 6, 4, 1, 5, 1]"
32,"[3, 1, 3, 1, 3, 5, 3, 5, 2, 5]"
392,"[4, 1, 4, 1, 4, 1, 4, 1, 4]"
401,"[1, 4, 6, 4, 1, 1, 4, 6, 4, 1]"
65,"[1, 1, 6, 4, 1, 1, 6, 4, 1, 1, 6, 4]"
540,"[1, 5, 4, 4]"
145,"[1, 5, 6, 6, 4, 4, 1, 5, 4, 1, 2, 1, 1, 5, 6, 6, 4, 4, 1, 5, 4, 1, 2, 1]"
71,"[1, 5, 6, 4, 1, 5, 6, 4, 1, 5, 6, 4, 1, 5, 6, 4]"
353,"[6, 4, 1, 5, 6, 4, 1, 5, 6, 4, 1, 5, 6, 4, 1, 5]"
275,"[1, 3, 6, 3, 1, 3, 6, 3, 1, 3, 6, 3, 1, 3, 6, 3]"
472,"[4, 5]"
0,"[1, 6, 1, 6]"
539,"[6, 1, 1, 4, 5, 6, 1, 1, 4, 5, 6, 1, 4, 4, 5, 6, 1, 1, 4, 5, 6, 1, 1, 4, 5, 6, 1, 4, 4, 5, 6, 1, 1, 4, 5, 6, 1, 1, 4, 5, 6]"
391,"[1, 5, 2, 4, 1, 5, 2, 4, 1, 5, 2, 4]"
229,"[6, 1, 5, 4, 6, 1, 5, 4, 4]"
553,"[1, 2, 3]"
46,"[4, 5, 1, 1, 4, 5, 1, 1, 4, 5, 1, 1, 4, 5]"
98,"[1, 2, 4, 2, 5, 2, 4, 2, 1, 2, 4, 2, 1, 2, 4, 2]"
33,"[1, 3, 6, 4, 1, 5, 4, 5, 6, 4, 1, 5, 1]"
322,"[1, 5, 6, 4]"
523,"[4, 5, 1, 5, 4, 5, 1, 1, 4, 5, 1, 3, 4, 4, 3, 5]"
357,"[6, 4, 1, 5, 6, 4, 1, 5, 6, 4, 1, 5, 6, 4, 1, 5]"
496,"[6, 2, 4, 5, 6, 2, 4, 5]"
290,[1]
6,"[4, 6, 4, 1, 5, 1, 6, 1, 6]"
352,"[6, 6, 6, 4, 1, 5]"
257,"[1, 5, 2, 4, 1, 5, 2, 4, 1]"
484,"[1, 2, 4, 1, 1, 2, 4, 1]"
107,"[1, 5, 6, 4]"
433,"[3, 1, 5, 3, 1, 5, 3, 1, 5, 1, 3, 5, 3, 5]"
123,"[6, 1, 5, 4, 6, 1, 5, 2, 6, 1, 5, 4, 2, 1, 4]"
208,"[6, 4, 1, 6, 4, 1, 5, 6, 4, 1, 7, 6, 4, 1]"
411,"[6, 1, 6, 1, 6, 1, 1, 6, 4]"
387,"[1, 5, 2, 4]"
39,"[1, 5, 6, 4]"
347,"[6, 5, 1, 2, 6, 5, 1, 2, 6, 5, 1, 2, 6, 5, 1, 2, 4]"
109,"[1, 5, 6, 4, 5, 1]"
358,"[1, 1, 6, 4, 1, 1, 6, 4, 1, 4, 6, 4, 1, 5, 1]"
70,"[1, 5, 6, 4, 1, 5, 6, 4, 1, 5, 6, 4, 1, 5, 6, 4]"
153,"[6, 4, 5, 1, 6, 4, 5, 1, 6]"
473,"[1, 1, 4, 1, 1, 4, 1, 1, 4]"
112,"[6, 4, 1, 5, 6, 4, 1, 5]"
410,"[1, 1, 4, 1, 5, 4, 1, 1, 4, 1, 1, 4]"
139,"[1, 6, 1, 6, 5, 1, 6, 1, 6, 1]"
24,"[4, 1, 5, 6, 4, 1, 5, 4, 1, 5, 6, 4, 1, 5]"
438,[3]
302,"[1, 3, 4, 5, 1, 3, 4, 5, 6, 1, 4, 3, 2, 4, 5, 5]"
196,"[2, 4, 5, 2, 4, 5, 2, 4, 5, 2, 4, 5, 2, 4, 5, 2, 4, 5, 2, 4, 5, 2, 4, 5, 1]"
382,"[5, 3, 1, 5, 1, 5, 3, 1, 5, 4]"
291,"[1, 5, 4, 1, 1, 5, 4, 1]"
477,"[6, 4, 1, 5, 6, 4, 1, 5, 6, 4, 1, 5, 4, 5, 6, 4, 1, 5, 6, 4, 1, 5, 6, 4, 1, 5, 4, 5]"
142,"[4, 5, 1, 6, 4, 5, 1, 6, 4, 5, 6, 5]"
43,"[1, 1, 4, 5, 1, 1, 4, 5, 1, 1, 4, 5, 1, 1, 4, 5]"
348,"[1, 5, 6, 4, 1, 5, 6, 4, 1, 5, 6, 4, 1, 5, 6, 4, 1, 5, 6, 4, 1, 5, 6]"
81,"[1, 5, 6, 4]"
564,"[6, 4, 1, 5, 6, 4, 1, 5, 6, 4, 1, 5, 4]"
128,"[2, 6, 1, 5, 2, 6, 1, 5, 2, 6, 1, 5, 2, 1, 4, 5]"
42,"[1, 5, 6, 4, 1, 5, 6, 4]"
116,"[4, 5, 1, 5, 4, 5, 1, 5, 4, 5, 1, 5, 4, 5]"
394,"[1, 4, 1, 1, 4, 1, 1, 4, 1, 1, 6, 5, 4, 1]"
370,"[1, 5, 6, 2, 4, 6, 5, 1, 5, 6, 2, 4, 6, 4, 5, 6, 2, 6, 2, 4, 1, 2, 4, 5, 1, 5, 6, 2, 5, 1, 5, 6, 4, 5, 1]"
306,"[6, 4, 1, 5, 6, 4, 1, 5, 6, 4, 1, 5, 6, 4, 1, 5, 4, 5, 1, 4, 6, 5, 4, 4]"
168,"[1, 4, 1, 1, 5, 6, 4, 1, 4, 1]"
84,"[4, 5, 2, 1, 5, 4, 2, 1]"
269,"[6, 1, 6, 6, 4, 2, 5, 1, 2, 1, 6, 6, 4, 2, 5, 1]"
501,"[6, 5, 1, 4, 6, 5, 1, 4, 6, 5, 1, 4, 6, 5, 1, 4]"
502,"[6, 5, 1, 4, 6, 5, 4, 1, 6, 5, 1, 4, 6, 5, 4, 1]"
280,"[1, 5, 6, 4, 1, 5, 6, 4]"
320,"[1, 5, 6, 4]"
541,"[1, 5, 4, 1, 5, 4, 1, 5, 4]"
247,"[6, 1, 5, 2, 6, 1, 5, 4, 1]"
340,"[4, 6, 2, 3, 4, 6, 2, 2, 4, 6, 2, 4, 5]"
73,"[1, 5, 6, 4, 1, 5, 1, 1, 5, 6, 4, 1, 5, 1]"
439,"[1, 5, 6, 6, 1, 5, 6, 6]"
68,"[1, 1, 6, 4, 1, 1, 6, 4]"
157,"[4, 5, 1, 6, 4, 5, 1, 6, 4, 5, 1, 6, 4, 5, 3, 6]"
36,"[1, 5, 6, 4]"
563,"[6, 4, 1, 5, 6, 4, 1, 5]"
124,"[6, 1, 5, 4, 6, 1, 5, 2, 6, 1, 5, 4, 2, 1, 4, 2, 1, 4]"
469,"[1, 1, 4, 1, 1, 4]"
182,"[6, 4, 5, 4, 4, 1, 2, 4]"
468,"[1, 1, 4, 4, 1, 1, 4, 4, 6, 1, 4, 4, 6, 1, 4, 4]"
27,"[6, 4, 5, 3, 6, 4, 5, 6, 4, 5, 3, 6, 4, 5]"
310,"[6, 4, 1, 5, 6, 4, 1, 5, 6, 4, 1, 5, 6, 4, 1, 5, 4, 5, 1, 4, 6, 5, 4, 1]"
156,"[6, 4, 5, 1, 6, 4, 5, 1, 6, 6, 4, 5, 1, 6, 4, 5, 1, 6]"
211,"[1, 1, 4, 1, 4]"
287,"[4, 5, 1, 1, 6, 6, 4, 5, 1, 1, 6, 6, 4, 5, 1]"
362,"[1, 4, 6, 4, 1, 1, 6, 4, 1, 4, 6, 5, 4, 1, 5, 1, 4]"
150,"[1, 5, 6, 6, 4, 4, 1, 5, 4, 1, 2, 1, 1, 5, 6, 6, 4, 4, 1, 5, 4, 1, 2, 1]"
344,"[6, 5, 1, 2, 6, 5, 1, 2, 6, 5, 1, 2, 6, 5, 1, 2]"
166,"[2, 4, 1, 5, 2, 4, 1, 5]"
346,"[6, 5, 1, 2, 6, 5, 1, 2]"
442,"[1, 5, 6, 1, 5, 6, 1, 5, 6, 1, 5, 6]"
58,"[6, 5, 1, 6, 5, 1, 6, 5, 1, 6, 5, 1]"
565,"[1, 5, 6, 4, 1, 5, 6, 4]"
431,"[3, 5, 3, 5]"
443,"[4, 5, 3, 6, 4, 5, 3, 6, 4, 5, 3, 6, 5, 4, 5, 3, 6, 1, 4, 5, 3, 6, 5, 4, 5, 3, 6, 5, 4]"
194,"[2, 4, 5, 2, 4, 5]"
383,"[3, 5, 1, 5, 1, 3, 5, 1, 3, 5, 1, 3, 3, 1, 6, 5]"
186,"[2, 4, 1, 5, 2, 4, 1, 5, 2]"
423,"[1, 5, 1, 4, 3, 1, 1, 5, 1]"
20,"[6, 4, 1, 5, 6, 4, 1, 5, 6, 4, 1, 5, 6, 4, 1, 5, 2]"
245,"[6, 1, 6, 1, 6, 5, 1]"
219,"[6, 1, 1, 4, 6, 1, 4, 6, 1, 1, 4, 6, 4, 6, 1, 4, 4, 6, 4, 6, 4]"
4,"[4, 6, 4, 1, 5, 1, 6, 1, 6]"
147,"[1, 5, 6, 6, 4, 4, 1, 5, 4, 1, 2, 1, 1, 5, 6, 6, 4, 4, 1, 5, 4, 1, 2, 1]"
435,"[3, 1, 5, 3, 1, 5, 3, 1, 5, 4, 3, 1, 5, 3, 1, 5, 3, 1, 5, 1, 3, 5, 3, 5]"
236,"[1, 1, 1, 6, 4, 1]"
515,"[1, 5, 4, 1, 5, 4, 1, 5, 4, 1]"
160,"[1, 4, 2, 4, 5, 1, 1, 4, 2, 4, 5, 6, 2, 5, 1, 5, 6, 2, 5, 1, 1, 4, 4, 6, 1, 6, 2, 5, 1]"
561,"[6, 4, 1, 5, 6, 4, 1, 5]"
120,"[1, 5, 6]"
365,"[1, 1, 6, 4]"
131,"[5, 2, 1, 5, 2, 1, 5, 2, 1, 5, 2, 1]"
191,"[5, 4, 1, 2, 1, 4, 1, 2, 5, 4, 1, 2, 5, 4, 5]"
99,"[6, 1, 4]"
140,"[1, 3, 1, 3, 6, 4, 5, 6, 5, 1, 3, 1, 3, 6, 4, 5, 6, 5]"
264,"[2, 5, 1, 5, 6, 2, 5, 1, 5, 6]"
416,"[2, 4, 1, 5, 2, 4, 1, 5, 2, 4, 1, 5, 2, 4, 1, 5]"
417,"[2, 4, 1, 5, 2, 4, 1, 5, 2, 4, 1, 5, 2, 4, 1, 5]"
551,"[2, 6, 4, 1, 2, 6, 4, 1, 2, 6, 4, 1]"
243,"[1, 4, 5, 1, 4, 5, 6, 5, 4, 1, 6, 5, 4, 1]"
532,"[4, 4, 2, 2]"
396,"[1, 4, 1, 1, 4, 1, 1, 4, 1, 1, 6, 5, 4, 1, 6, 5, 4, 1]"
374,"[1, 2, 4, 2, 6, 5, 1, 5, 6, 2, 4, 6, 1, 5, 6, 5, 6, 5, 4, 1, 1, 4, 5, 1, 5, 6, 2, 4, 1, 5, 6, 4, 5, 1, 4, 1, 5]"
95,"[1, 1, 2, 1, 1, 2, 1, 1, 4, 4, 2, 4, 5]"
189,"[2, 4, 1, 5, 2, 4, 1, 5, 2]"
545,"[1, 5, 4, 1, 5, 1, 4]"
177,"[1, 5, 5, 5, 5, 5, 5, 5, 1, 4, 1, 5, 1, 1, 1]"
272,"[1, 3, 6, 3, 1, 3, 6, 3, 1, 3, 6, 3, 1, 3, 6, 3]"
190,"[2, 4, 1, 5, 2, 4, 1, 5, 2]"
210,"[1, 1, 4, 1, 4]"
152,"[4, 5, 1, 6]"
483,"[1, 2, 4, 1, 1, 2, 4, 1]"
360,"[1, 4, 6, 4, 1, 1, 6, 4, 1, 1, 6, 5, 4, 1, 5, 1, 4]"
110,"[1, 4, 6, 5]"
309,"[2, 6, 2, 4]"
405,"[6, 3, 4, 5, 6, 3, 4, 2, 5, 5]"
249,"[6, 1, 5, 2, 6, 1, 5, 4, 1]"
172,"[6, 4, 1, 5, 6, 4, 1, 5]"
350,"[6, 4, 1, 5, 6, 4, 1, 5, 6, 4, 1, 5, 6, 4, 1, 5]"
533,"[5, 5, 4, 4, 1, 1, 5, 5, 5, 5, 4, 4, 1, 1, 5, 5, 5, 5, 4, 4, 1, 1, 5, 5]"
378,"[1, 2, 4, 2, 6, 5, 1, 5, 6, 2, 4, 6, 4, 5, 6, 5, 6, 5, 4, 1, 4, 4, 5, 1, 5, 6, 2, 4, 1, 5, 6, 4, 5, 1, 4, 1, 5]"
88,"[1, 5, 6, 4, 4, 5, 1, 6, 5, 1, 5, 6, 4, 4, 5, 1, 6, 5, 4]"
19,"[1, 6, 2, 4, 5, 1, 6, 2, 4, 5, 6, 4, 1, 5, 6, 4, 1, 5]"
462,"[1, 5, 2, 1, 5, 4]"
180,"[6, 1, 5, 4, 4, 1, 2, 4]"
529,"[1, 4, 5, 1, 4, 5, 6, 4, 5, 1, 4, 5, 1, 4, 5, 1, 4, 5]"
154,"[6, 4, 5, 1, 6, 4, 5, 1, 6, 6, 4, 5, 1, 6, 4, 5, 1, 6]"
444,"[4, 5, 3, 6, 4, 5, 6]"
92,"[2, 4, 1, 5]"
356,"[1, 1, 4, 1, 5]"
93,"[2, 4, 1, 5, 2, 4, 1, 5, 2, 4, 1, 5, 1, 1, 5]"
256,"[1, 5, 2, 4, 1, 5, 2, 4]"
375,"[1, 4, 1, 5, 1, 4, 1, 5, 1, 4, 1, 5, 6, 1, 6, 5]"
204,"[6, 4, 1, 6, 4, 1, 6, 4, 1, 6, 5, 1]"
427,"[2, 1, 1, 1, 2, 1, 1, 1, 2, 1, 1, 1, 2, 1, 1, 1, 2, 1, 1, 1, 2, 1, 5, 1, 2, 1, 5, 1, 2, 1, 5, 1]"
547,"[1, 5, 4]"
569,"[1, 5, 6, 4, 1, 5, 6]"
37,"[1, 5, 6, 4]"
316,"[1, 5, 6, 5, 5, 1, 5, 6, 5, 5, 1, 5, 6, 5, 5, 1, 5, 6, 5]"
201,"[6, 5, 4, 5, 6, 5, 4, 5, 4, 5, 6, 5, 4, 5]"
127,"[6, 4, 5, 6, 6, 4, 5, 6, 6, 4, 5, 6, 6, 4, 5, 2, 2]"
418,"[2, 4, 1, 5, 2, 4, 1, 5, 2, 4, 1, 5, 2, 4, 1, 5]"
244,"[6, 1, 6, 1, 6, 5, 1]"
48,"[1, 2, 1, 1, 2, 1, 5]"
448,"[1, 6, 4, 5, 6]"
205,"[6, 4, 1, 6, 4, 1, 5, 6, 4, 1, 7, 6, 4, 1]"
413,"[1, 1, 4, 1, 1, 4]"
366,"[1, 1, 6, 4, 1, 1, 6, 4, 5]"
141,"[1, 6, 1, 6, 5, 1, 6, 1, 6, 5]"
255,"[1, 5, 2, 4, 1]"
498,"[1, 3, 4, 2, 1, 6, 2, 5, 1, 3, 4, 2, 1, 6, 5, 1, 5, 4, 1, 4]"
184,"[6, 4, 5, 4, 4, 1, 2, 4]"
535,"[1, 4, 5, 1, 4, 5]"
203,"[6, 4, 1, 6, 4, 1]"
115,"[1, 5, 6, 4, 1, 5, 6, 4, 5, 1, 5, 6, 4, 1, 5, 6, 4, 5]"
246,"[6, 1, 6, 1, 6, 5, 1]"
419,"[2, 4, 1, 5, 2, 4, 1, 2, 4, 1, 5, 2, 4, 1, 5]"
480,"[1, 2, 4, 1]"
230,"[6, 1, 5, 4, 6, 1, 5, 4]"
179,"[1, 5, 1, 5, 5, 5, 1, 4, 1, 5, 1]"
297,"[1, 5, 4]"
2,"[4, 6, 4, 1, 5, 1, 6, 1, 6]"
454,"[4, 2, 6, 1]"
188,"[5, 4, 1, 2, 1, 4, 1, 2, 1, 4, 1, 2, 1, 4, 1]"
47,"[1, 1, 4, 5, 1, 1, 4, 5, 1, 1, 4, 5, 1, 1, 4, 5]"
548,"[1, 2, 6, 4, 1, 2, 6, 4]"
557,"[1, 2, 3, 4, 6, 3, 1, 2, 3, 3, 2, 5, 1]"
10,[1]
324,"[1, 5, 6, 4]"
163,"[2, 4, 1, 1]"
408,"[6, 1, 6, 1, 6, 1, 1, 6, 1]"
55,"[6, 5, 1, 6, 5, 1, 6, 5, 1, 6, 5, 1]"
445,"[4, 5, 3, 6, 1, 4, 5, 3, 6, 5, 4, 5, 3, 6, 1, 4, 5, 3, 6, 5, 4]"
429,"[2, 1, 5, 1, 2, 1, 1, 1, 2, 1, 1, 1, 2, 1, 1, 1, 2, 1, 5, 1, 2, 1, 5, 1, 2, 1, 5, 1, 2, 1, 5, 1]"
354,"[1, 1, 4, 1, 5]"
326,"[1, 5, 6, 4, 1, 5, 4, 1]"
458,"[4, 2, 6, 1, 4, 2, 6, 1]"
176,"[4, 4, 2, 2, 5, 5, 1, 1, 1, 4, 4, 2, 2, 5, 5, 1]"
277,"[1, 4, 1, 5, 6, 4, 1, 5]"
104,"[6, 5, 4, 6, 5, 4, 6, 5, 4, 6, 5, 4]"
464,"[1, 5, 2, 1, 5, 4, 1, 5, 2, 1, 5, 4]"
267,"[6, 4, 6, 6, 4, 2, 5, 1, 2, 4, 6, 6, 4, 2, 5, 1]"
26,"[4, 1, 5, 6, 4, 1, 5, 4, 1, 5, 6, 4, 1, 5]"
171,"[6, 4, 1, 5]"
132,"[5, 2, 1, 5, 2, 1, 5]"
486,[2]
212,"[1, 1, 4, 1, 1, 4]"
259,"[1, 5, 2, 4, 1, 5, 2, 4, 1]"
227,"[5, 3, 1, 5]"
449,"[4, 5, 6, 4, 5, 1, 5, 6, 5, 1, 5, 4, 3, 1]"
239,"[2, 4, 6, 1, 1, 2, 4, 5, 6, 4, 1, 5, 6, 4, 1, 5]"
342,"[6, 5, 1, 2, 6, 5, 1, 2, 6, 5, 1, 2, 6, 5, 1, 2]"
516,"[1, 5, 4]"
50,"[5, 4, 5, 1, 4, 5, 1, 4, 5, 6, 4, 4, 3, 1, 4, 1, 3]"
337,"[1, 2, 6, 4, 1, 2, 6, 4, 1, 2, 6, 6, 6, 6, 6, 6]"
76,"[1, 5, 6, 2, 1, 5, 1, 5, 6, 2, 1, 5]"
497,"[1, 5, 4, 2, 1, 6, 2, 2, 5, 1, 5, 4, 2, 1, 6, 2, 2, 2, 5, 1, 5, 4, 2, 1, 6, 2, 2, 2, 5, 1, 5, 4, 2, 1, 6, 5, 1, 4]"
122,[6]
373,"[1, 4, 1, 5, 1, 4, 1, 5, 1, 4, 1, 5, 6, 1, 6, 5]"
380,"[1, 5, 6, 2, 4, 6, 5, 1, 5, 6, 2, 4, 6, 4, 5, 6, 2, 6, 2, 4, 1, 2, 4, 5, 1, 5, 6, 2, 4, 5, 1, 5, 6, 4, 5, 1]"
226,"[5, 3, 1, 5, 5, 3, 1, 5]"
368,"[1, 1, 6, 4, 1, 1, 6, 4]"
82,"[1, 5, 6, 4]"
113,"[1, 5, 6, 4, 5, 4, 5, 6, 5, 1, 4]"
94,"[2, 4, 1, 5, 2, 4, 1, 5, 2, 4, 1, 5, 2, 4, 1, 5]"
294,"[1, 5, 4, 1, 1, 5, 4, 1]"
148,"[6, 1, 4, 1, 1, 5, 4, 1, 2, 1, 6, 1, 4, 1, 1, 5, 4, 1, 2, 1]"
74,"[1, 5, 6, 2, 1, 5, 1, 5, 6, 2, 1, 5, 1, 5, 6, 2, 1, 5, 1, 5, 6, 2, 1, 5]"
436,"[4, 5, 1]"
399,"[6, 5, 1, 6, 5, 4, 1]"
53,"[4, 5, 1, 5, 6, 3, 4, 2, 5]"
192,"[2, 4, 1, 5, 2, 4, 1, 5]"
67,"[1, 5, 6, 4, 1, 5, 6, 4, 1, 5, 6, 4, 1, 5, 6, 4, 1, 5, 6, 4]"
279,"[1, 5, 6, 4, 1, 5, 6, 4, 1, 5, 6, 4, 1, 5, 6, 4]"
332,"[6, 4, 5, 2, 6, 5, 1, 4]"
402,"[1, 5, 6, 3, 5, 1, 5, 6, 3, 5, 1]"
397,"[6, 5, 1, 6, 5, 1]"
558,"[4, 4, 3, 6, 2, 5, 1, 6, 1, 4, 4, 3, 6, 2, 5, 1]"
59,"[6, 5, 1, 4, 6, 5, 1, 4]"
441,"[4, 5, 3, 6, 4, 5, 3, 6, 4, 5, 3, 6, 5, 4, 5, 3, 6, 1, 4]"
425,"[2, 1, 2, 1, 2, 1, 2, 1, 2, 1, 2, 1, 2, 1, 2, 1, 2, 1, 2, 1, 2, 1, 2, 1, 2, 1, 2, 1, 2, 1, 2, 1]"
288,"[1, 1, 5, 1]"
388,"[1, 5, 2, 4, 1, 5, 2, 4]"
495,"[6, 2, 4, 5, 6, 2, 4, 5, 6, 2, 4, 5, 6, 2, 4, 5, 6, 6, 2, 4, 5, 6, 2, 4, 5, 6, 2, 4, 5, 6, 2, 4, 5]"
86,"[4, 5, 2, 1, 5, 4, 2, 1]"
75,"[1, 5, 6, 4, 1, 5, 1, 1, 5, 6, 4, 1, 5, 1]"
31,"[1, 5, 6, 1, 5]"
476,"[1, 5, 5, 5, 4, 1, 5, 1, 5, 1, 5, 4, 1, 5, 4, 1, 5]"
518,"[2, 5, 6, 1, 2, 5, 6, 1, 2, 5, 1, 1, 4, 4, 2, 3, 5]"
560,"[4, 4, 3, 6, 2, 5, 1, 3, 1, 4, 4, 3, 6, 2, 5, 1]"
286,"[1, 1, 5, 1]"
450,"[1, 6, 4, 5, 1]"
134,"[5, 2, 1, 5, 2, 1, 6]"
169,"[6, 4, 1, 5]"
213,"[1, 1, 4, 1, 1, 4, 1, 1, 4, 1, 1, 4]"
364,"[1, 1, 6, 4, 1, 4, 6, 4, 1, 4, 6, 5, 4, 1, 5, 1]"
512,"[6, 6, 6, 6, 6, 4, 1, 6, 4, 1]"
549,"[1, 2, 6, 4, 1, 2, 6, 4, 1, 2, 6, 4, 1]"
517,"[1, 5, 4, 1, 5, 4, 4]"
452,"[4, 5, 6, 4, 5, 1, 5, 6, 5, 1, 5, 4, 3, 4]"
341,"[4, 1, 5, 6, 6, 5, 1, 2]"
235,"[6, 1, 5, 4, 6, 1, 5, 4, 6, 1, 5, 4, 6, 1, 5, 4]"
250,"[1, 5, 6, 4, 3, 1, 5, 6, 4, 3, 1]"
278,"[1, 5, 6, 4]"
525,"[3, 5, 1, 5, 1, 5, 5, 5, 3, 5, 1, 5, 1, 5, 1, 1]"
339,"[1, 2, 6, 4, 1, 2, 6, 4, 1, 2, 6, 6, 6, 6, 6, 6]"
307,"[6, 3, 6, 3, 4]"
398,"[4, 1, 5, 1, 4, 1, 5, 5, 4, 1, 5, 1]"
15,"[6, 4, 1, 5, 6, 4, 1, 5, 6, 4, 1, 5, 6, 4, 1, 5]"
478,"[1, 5, 5, 5, 4, 1, 5, 1, 5, 5, 5, 4, 1, 5, 4, 1, 5]"
385,"[1, 5, 4]"
96,"[1, 2, 4, 2, 1, 2, 4, 2, 5, 2, 4, 2, 1, 2, 4, 2]"
466,"[1, 5, 2, 1, 5, 4, 1, 5, 2, 1, 5, 4]"
453,"[5, 6, 5, 1, 5, 4, 5, 6, 5]"
317,"[1, 5, 6, 4]"
252,"[1, 5, 6, 4, 3, 1, 5, 6, 4, 3, 1]"
440,"[1, 5, 6, 1, 5, 6, 1, 5, 6, 1, 5, 6]"
284,"[1, 5, 6, 4, 1, 5, 6, 4]"
262,"[6, 5, 1, 4, 1, 5, 6, 5, 1, 4, 1, 5]"
421,"[1, 5, 5, 4, 3, 1, 1, 5, 1]"
126,"[6, 1, 5, 4, 6, 1, 5, 2, 6, 1, 5, 4, 2, 1, 4, 2, 1, 4]"
331,"[1, 5, 6, 4, 1, 5, 6, 4, 1, 5, 6, 4, 3, 4, 4]"
23,"[5, 4, 5, 5, 6, 5]"
40,"[1, 5, 5, 6, 4, 1, 5, 6, 4, 1]"
461,"[4, 2, 6, 1]"
159,"[1, 4, 2, 4, 5, 1]"
103,"[1, 2, 4, 6, 5, 4, 1, 2, 4, 6, 5, 4]"
305,"[6, 6, 3, 3, 6, 6, 3, 4]"
181,"[4, 1, 1, 6, 4, 1, 2, 4]"
57,"[6, 5, 1, 6, 5, 1, 6, 5, 1, 6, 5, 1]"
329,"[6, 5, 1, 4, 1, 5, 6, 5, 4, 1, 5, 5]"
384,"[5, 3, 1, 5, 1, 5, 3, 1, 5, 1, 3, 1]"
407,"[5, 6, 3, 5, 1, 5, 6, 3, 5]"
130,"[5, 2, 1]"
371,"[1, 4, 1, 5, 1, 4, 1, 5, 1, 4, 1, 5, 6, 1, 6, 5]"
144,"[1, 5, 6, 4, 4, 1, 5, 4, 1, 2, 1]"
206,"[6, 4, 1, 6, 4, 1, 6, 4, 1, 6, 5, 1]"
41,"[1, 5, 6, 5, 4, 1]"
45,"[1, 1, 4, 5, 1, 1, 4, 5, 1, 1, 4, 5, 1, 1, 4, 5]"
254,"[1, 5, 2, 4, 1, 5, 2, 4]"
60,"[6, 5, 1, 6, 5, 1, 6, 5, 1, 6, 5, 1]"
521,"[4, 5, 1, 5, 4, 5, 1, 1, 4, 5, 1, 3, 4, 4, 3, 5]"
349,"[4, 1, 5, 6, 4, 1, 5, 6, 4, 1, 5, 6]"
554,"[1, 2, 3, 4, 3, 3, 5, 2, 3, 3, 2, 5]"
437,"[3, 5, 3, 1, 5, 3, 1, 5, 4]"
44,"[4, 5, 1, 1, 4, 5, 1, 1, 4, 5, 1, 1, 4, 5]"
482,"[1, 2, 4, 1, 1, 2, 4, 1]"
470,"[1, 1, 4, 1, 1, 4]"
293,"[1, 5, 4, 1, 1, 5, 4, 1]"
527,"[1, 4, 5, 1, 4, 5, 6, 4, 5, 1, 4, 5, 1, 4, 5]"
242,"[6, 1, 6, 1, 6, 5, 1]"
528,"[1, 6, 6, 4, 1, 2, 1, 6, 4, 1, 5, 1, 6, 6, 4, 1, 2, 1, 6, 4, 2, 5]"
296,"[1, 5, 4, 1, 1, 5, 4, 1, 1, 5, 4, 1, 1, 5, 4, 1]"
430,"[2, 1, 1, 1, 2, 1, 5, 1, 2, 1, 1, 1, 2, 1, 5, 1]"
432,"[3, 5, 3, 5, 1, 1, 1, 5, 4, 1, 1, 5]"
355,"[6, 4, 1, 5, 6, 4, 1, 5, 6, 4, 1, 5, 6, 4, 1, 5]"
276,"[4, 1, 5, 5, 4, 1, 5, 5, 4, 1, 5, 5]"
313,"[4, 5, 6, 1, 5, 4, 5, 6, 1, 5, 1]"
312,"[1, 5, 6, 5, 5, 1, 5, 6, 5, 5, 1, 5, 6, 5, 5, 1, 5, 6, 5, 5]"
238,"[1, 1, 6, 4, 1, 4, 1, 1, 6, 4, 1]"
543,"[1, 5, 4, 1, 5, 4, 1, 5, 4]"
333,"[1, 5, 6, 4, 1, 5, 6, 4, 1, 5, 6, 4, 3, 1, 4]"
80,"[1, 6, 5, 4, 1, 6, 5, 4]"
251,"[6, 4, 6, 1, 6, 4, 6, 4, 6, 4, 6, 1, 6, 4, 6, 4, 4, 4]"
232,"[6, 1, 5, 4, 6, 1, 5, 4]"
463,"[1, 5, 2, 1, 5, 4, 1, 5, 2, 1, 5, 4]"
511,"[6, 4, 1, 5, 6, 4, 1, 6, 4, 1, 5, 6, 4, 1, 5, 6, 4, 1, 5, 6, 4, 1, 5]"
393,"[1, 4, 1, 1, 4, 1, 1, 4, 1, 1, 6, 5, 4, 1]"
63,"[5, 1, 1, 2, 5, 1, 1, 6]"
263,"[2, 5, 1, 5, 6, 2, 5, 1, 5, 6]"
457,"[4, 2, 6, 1, 4, 2, 6]"
318,"[1, 5, 6, 4]"
207,"[6, 4, 1, 6, 4, 1, 5, 6, 4, 1, 7, 6, 4, 1]"
221,"[6, 1, 4, 4, 6, 1, 4, 6, 1, 1, 4, 6, 1, 6, 1, 4, 4, 6, 4, 6, 4]"
507,"[6, 4, 1, 5, 6, 4, 1, 5, 6, 4, 1, 5, 6, 4, 1, 5]"
197,[5]
220,"[6, 1, 1, 4, 6, 1, 1, 6, 1, 4, 4, 6, 1, 6, 1, 1, 4, 6, 4, 6, 4]"
78,"[1, 6, 5, 4, 1, 6, 5, 4]"
537,"[4, 4, 5, 4, 4, 5]"
18,"[6, 4, 1, 5, 6, 4, 1, 5, 6, 4, 1, 5, 6, 4, 1, 5, 2]"
465,"[1, 5, 2, 1, 5, 4, 1, 5, 2, 1, 5, 4]"
266,"[1, 6, 1, 6, 6, 4, 5, 1, 1, 6, 4, 4, 1, 1]"
376,"[1, 2, 4, 2, 6, 5, 1, 5, 6, 2, 4, 6, 1, 5, 6, 5, 6, 5, 4, 1, 1, 4, 5, 1, 5, 6, 2, 6, 1, 5, 6, 4, 5, 1, 4, 1, 5]"
268,"[1, 6, 4, 6, 6, 4, 5, 1, 1, 6, 1, 4, 1, 1]"
492,"[6, 2, 4, 5, 6, 2, 4, 5, 6, 2, 4, 5, 6, 2, 4, 5]"
415,"[2, 4, 1, 5, 2, 4, 1, 5, 2, 4, 1, 5, 2, 4, 1, 5]"
351,"[6, 4, 1, 5, 6, 4, 1, 5, 6, 4, 1, 5, 6, 4, 1, 5]"
550,"[2, 6, 4, 1, 1]"
330,"[6, 4, 5, 1, 2, 6, 4, 5, 1, 4, 6, 4, 5, 1, 2, 6, 5, 1]"
345,"[4, 1, 5, 6, 4, 1, 5, 6, 4, 1, 5, 6, 4, 1, 5, 6, 4, 1, 5, 6, 4, 1, 5, 6]"
17,"[6, 4, 1, 5]"
161,"[1, 5, 6, 3, 4, 4, 1, 2, 5, 1, 1, 5, 6, 3, 4, 4, 1, 2, 5, 1]"
487,"[2, 4, 1, 2, 1, 2, 2, 4, 1, 2, 1, 6, 2]"
490,"[2, 4, 1, 2, 1, 2, 2, 4, 1, 2, 1, 6, 2]"
274,"[4, 1, 5, 5, 4, 1, 5, 5, 4, 1, 5, 5]"
281,"[1, 5, 6, 4, 1, 5, 6, 4, 1, 5, 6, 4, 1, 5, 6, 4]"
260,"[6, 5, 1, 4, 1, 5, 6, 5, 1]"
119,"[4, 5, 1, 5, 4, 5, 1, 5, 4, 5, 1, 5, 4, 5, 1]"
97,"[2, 4, 1, 5, 2, 4, 1, 5, 2, 4, 1, 5, 2, 4, 1, 5]"
62,"[5, 1, 1, 2, 5, 1, 1, 2]"
304,"[1, 3, 4, 5, 1, 3, 4, 5]"
146,"[6, 1, 4, 1, 1, 5, 4, 1, 2, 1]"
198,"[5, 4, 5, 4, 5, 1, 4, 5, 4, 5]"
79,"[1, 5, 6, 4, 1]"
253,"[1, 1]"
504,"[6, 5, 1, 4, 6, 5, 4, 1, 6, 5, 1, 4, 6, 5, 4, 1]"
534,"[5, 4, 1, 5, 5, 4, 1, 5]"
248,"[1, 5, 6, 4, 3, 1, 5, 6, 4, 3, 1, 5]"
117,"[1, 5, 6, 4]"
568,"[1, 5, 6, 4, 1, 5, 6, 4]"
282,"[1, 5, 6, 4, 1, 5, 6, 4]"
451,"[1, 6, 4, 5, 6]"
265,"[1, 6, 4, 6, 6, 4, 5, 1, 1, 6, 4, 4, 1, 1]"
303,"[6, 1, 4, 1, 2, 2, 1, 5]"
524,"[3, 5, 1, 5, 1, 5, 5, 1, 3, 5, 1, 5, 1, 5, 5, 5]"
455,"[4, 2, 6, 1, 4, 2, 6, 1, 4, 2, 6, 1, 4, 2, 6, 1]"
456,"[4, 2, 6, 1, 4, 2, 6, 1]"
121,"[4, 5, 1, 5, 4, 5, 1, 5, 4, 5, 1, 5, 4, 5, 4, 5, 1, 5, 4, 5]"
77,"[1, 6, 5, 4]"
526,"[1, 6, 6, 4, 1, 2, 1, 6, 4, 1, 2, 1, 6, 6, 4, 1, 2, 1, 6, 4, 2, 5]"
400,"[6, 5, 1, 5, 1, 4, 1, 2, 1]"
106,"[6, 5, 4, 6, 5, 4, 6, 5, 6]"
61,"[5, 1, 1, 2]"
506,"[6, 5, 1, 4, 6, 5, 4, 1, 6, 5, 1, 4, 6, 5, 4, 1]"
343,"[4, 1, 5, 6, 4, 1, 5, 6, 4, 1, 5, 6, 4, 1, 5, 6]"
422,"[1, 5, 5, 4, 3, 1, 4, 5, 1]"
193,"[5, 4, 1, 2, 1, 4, 1, 2, 1, 4, 1, 2, 5, 4, 5]"
34,"[3, 1, 3, 1, 3, 5, 3, 1, 2, 5]"
363,"[4, 1, 4, 6, 5, 4, 1, 4]"
481,"[1, 2, 4, 1, 1, 2, 4, 1]"
3,"[1, 6, 1, 6, 4, 5, 1, 5, 1, 4, 5, 6, 4, 5, 4, 6]"
273,"[1, 3, 6, 3, 1, 3, 6, 3, 1, 3, 6, 3, 1, 3, 6, 3]"
289,"[4, 5, 1, 1, 6, 6, 4, 5, 1, 1, 6, 6, 4, 5, 1]"
85,"[4, 5, 2, 1, 5, 4, 2, 1]"
328,"[1, 5, 6, 4, 1, 5, 4, 1]"
209,"[6, 4, 1, 6, 4, 1, 5, 6, 4, 1, 7, 6, 4, 1]"
327,"[1, 6, 5, 4, 1, 1, 6, 5, 4, 1]"
460,"[4, 2, 6, 1, 4, 2, 6, 1]"
424,"[2, 1, 2, 1]"
178,"[4, 4, 2, 2, 5, 5, 1, 1, 1, 4, 4, 2, 2, 5, 5, 1]"
491,"[2, 4, 1, 2, 1, 6, 2, 2, 4, 1, 2, 1, 6, 2]"
514,"[1, 5, 4, 1]"
519,"[2, 5, 6, 1, 2, 5, 6, 1, 2, 5, 1, 4, 4, 2, 2, 3, 5]"
215,"[4, 5, 1, 1, 4, 4, 4, 5, 1, 1, 4, 4, 4, 5, 1, 1, 4, 1, 4, 5, 1]"
1,"[1, 6, 1, 6, 4, 5, 1, 5, 1, 4, 5, 6, 4, 5, 1, 6]"
488,"[2, 4, 1, 2, 1, 6, 2, 2, 4, 1, 2, 1, 6, 2]"
234,"[4, 2]"
404,"[1, 5, 6, 3, 5, 1, 5, 6, 3, 5, 6]"
111,"[1, 5, 6, 4, 5, 1, 5, 6, 4, 5]"
426,"[2, 1, 2, 1, 2, 1, 2, 1, 2, 1, 2, 1, 2, 1, 2, 1, 2, 1, 2, 1, 2, 1, 2, 1, 2, 1, 2, 1, 2, 1, 2, 1]"
299,"[6, 3, 4, 1, 2, 1, 6, 3, 4, 1, 2, 1, 1, 1]"
167,"[1, 1, 1, 1]"
91,"[1, 5, 6, 4, 4, 5, 1, 6, 5, 1, 5, 6, 1, 4, 5, 1, 6, 5]"
222,"[6, 1, 1, 4, 6, 1, 4, 6, 1, 1, 4, 6, 4, 6, 1, 4, 4, 6, 4, 6, 4]"
500,"[6, 5, 1, 4]"
479,"[6, 4, 1, 5, 6, 4, 1, 5, 6, 4, 1, 5, 4]"
241,"[1, 4, 5, 1, 4, 5, 6, 5, 4, 1, 6, 5, 4, 1]"
270,"[1, 6, 4, 6, 6, 4, 5, 1, 1, 6, 4, 4, 1, 1]"
202,"[5, 5]"
224,"[5, 3, 1, 5]"
237,"[1, 1, 6, 4, 1, 1, 1, 1, 6, 4, 1]"
562,"[4, 5, 1, 6, 4, 5]"
530,"[1, 6, 6, 4, 1, 2, 1, 6, 4, 1, 5, 1, 6, 6, 4, 1, 2, 1, 6, 4, 2, 5]"
89,"[1, 5, 6, 4, 4, 5, 1, 6, 5, 1, 5, 6, 4, 4, 5, 1, 5, 6, 4, 4, 5, 1, 6, 5]"
467,"[1, 5, 2]"
137,"[1, 3, 1, 3]"
